[{"model": "contenttypes.contenttype", "pk": 1, "fields": {"app_label": "admin", "model": "logentry"}}, {"model": "contenttypes.contenttype", "pk": 2, "fields": {"app_label": "auth", "model": "permission"}}, {"model": "contenttypes.contenttype", "pk": 3, "fields": {"app_label": "auth", "model": "group"}}, {"model": "contenttypes.contenttype", "pk": 4, "fields": {"app_label": "auth", "model": "user"}}, {"model": "contenttypes.contenttype", "pk": 5, "fields": {"app_label": "contenttypes", "model": "contenttype"}}, {"model": "contenttypes.contenttype", "pk": 6, "fields": {"app_label": "sessions", "model": "session"}}, {"model": "contenttypes.contenttype", "pk": 7, "fields": {"app_label": "MCQAssignmentsApp", "model": "answer"}}, {"model": "contenttypes.contenttype", "pk": 8, "fields": {"app_label": "MCQAssignmentsApp", "model": "assignmentcreator"}}, {"model": "contenttypes.contenttype", "pk": 9, "fields": {"app_label": "MCQAssignmentsApp", "model": "question"}}, {"model": "contenttypes.contenttype", "pk": 10, "fields": {"app_label": "MCQAssignmentsApp", "model": "studenttestanswers"}}, {"model": "contenttypes.contenttype", "pk": 11, "fields": {"app_label": "MCQAssignmentsApp", "model": "test"}}, {"model": "contenttypes.contenttype", "pk": 12, "fields": {"app_label": "MCQAssignmentsApp", "model": "testuserassignment"}}, {"model": "sessions.session", "pk": "lboaejpynqfpk8xizcbzr47j983nc714", "fields": {"session_data": "MjFmYjY2MDM4OTQ0Mjg2YjViNzY3NWQ4OGU3Y2E2ZDA5Yzg0MWNhZDp7Il9hdXRoX3VzZXJfaWQiOiIyIiwiX2F1dGhfdXNlcl9iYWNrZW5kIjoiZGphbmdvLmNvbnRyaWIuYXV0aC5iYWNrZW5kcy5Nb2RlbEJhY2tlbmQiLCJfYXV0aF91c2VyX2hhc2giOiIxMzhiMjcwYzJlNDUwMGI5YjkxMGM1NDY4ZTI2ODJmMTJiZTQwNWEzIn0=", "expire_date": "2019-04-22T17:00:27.714Z"}}, {"model": "MCQAssignmentsApp.test", "pk": 1, "fields": {"name": "test 1", "tag": "tag 1", "tag_color": "primary"}}, {"model": "MCQAssignmentsApp.test", "pk": 2, "fields": {"name": "test 2", "tag": "tag 2", "tag_color": "secondary"}}, {"model": "MCQAssignmentsApp.test", "pk": 3, "fields": {"name": "test 3", "tag": "tag3", "tag_color": "danger"}}, {"model": "MCQAssignmentsApp.question", "pk": 1, "fields": {"text": "q1", "exclusive_answer": true, "test": [1]}}, {"model": "MCQAssignmentsApp.question", "pk": 2, "fields": {"text": "q2", "exclusive_answer": false, "test": [1]}}, {"model": "MCQAssignmentsApp.question", "pk": 3, "fields": {"text": "q3", "exclusive_answer": true, "test": [1]}}, {"model": "MCQAssignmentsApp.question", "pk": 4, "fields": {"text": "q21", "exclusive_answer": true, "test": [2]}}, {"model": "MCQAssignmentsApp.question", "pk": 5, "fields": {"text": "q22", "exclusive_answer": false, "test": [2]}}, {"model": "MCQAssignmentsApp.question", "pk": 6, "fields": {"text": "q23", "exclusive_answer": true, "test": [2]}}, {"model": "MCQAssignmentsApp.question", "pk": 7, "fields": {"text": "q31", "exclusive_answer": true, "test": [3]}}, {"model": "MCQAssignmentsApp.question", "pk": 8, "fields": {"text": "q32", "exclusive_answer": false, "test": [3]}}, {"model": "MCQAssignmentsApp.question", "pk": 9, "fields": {"text": "q33", "exclusive_answer": true, "test": [3]}}, {"model": "MCQAssignmentsApp.answer", "pk": 1, "fields": {"text": "a1", "question": 1, "is_correct": false}}, {"model": "MCQAssignmentsApp.answer", "pk": 2, "fields": {"text": "a2", "question": 1, "is_correct": false}}, {"model": "MCQAssignmentsApp.answer", "pk": 3, "fields": {"text": "a3", "question": 1, "is_correct": false}}, {"model": "MCQAssignmentsApp.answer", "pk": 4, "fields": {"text": "a4 correct", "question": 1, "is_correct": true}}, {"model": "MCQAssignmentsApp.answer", "pk": 5, "fields": {"text": "a5", "question": 2, "is_correct": false}}, {"model": "MCQAssignmentsApp.answer", "pk": 6, "fields": {"text": "a6", "question": 2, "is_correct": false}}, {"model": "MCQAssignmentsApp.answer", "pk": 7, "fields": {"text": "a7 correct", "question": 2, "is_correct": true}}, {"model": "MCQAssignmentsApp.answer", "pk": 8, "fields": {"text": "a8 correct", "question": 2, "is_correct": true}}, {"model": "MCQAssignmentsApp.answer", "pk": 9, "fields": {"text": "a9", "question": 3, "is_correct": false}}, {"model": "MCQAssignmentsApp.answer", "pk": 10, "fields": {"text": "a10 correct", "question": 3, "is_correct": true}}, {"model": "MCQAssignmentsApp.answer", "pk": 11, "fields": {"text": "a11", "question": 3, "is_correct": false}}, {"model": "MCQAssignmentsApp.answer", "pk": 12, "fields": {"text": "a12", "question": 3, "is_correct": false}}, {"model": "MCQAssignmentsApp.answer", "pk": 13, "fields": {"text": "a21", "question": 4, "is_correct": false}}, {"model": "MCQAssignmentsApp.answer", "pk": 14, "fields": {"text": "a22", "question": 4, "is_correct": false}}, {"model": "MCQAssignmentsApp.answer", "pk": 15, "fields": {"text": "a23 correct", "question": 4, "is_correct": true}}, {"model": "MCQAssignmentsApp.answer", "pk": 16, "fields": {"text": "a24", "question": 4, "is_correct": false}}, {"model": "MCQAssignmentsApp.answer", "pk": 17, "fields": {"text": "a25", "question": 5, "is_correct": false}}, {"model": "MCQAssignmentsApp.answer", "pk": 18, "fields": {"text": "a26", "question": 5, "is_correct": false}}, {"model": "MCQAssignmentsApp.answer", "pk": 19, "fields": {"text": "a27", "question": 5, "is_correct": true}}, {"model": "MCQAssignmentsApp.answer", "pk": 20, "fields": {"text": "a28", "question": 5, "is_correct": true}}, {"model": "MCQAssignmentsApp.answer", "pk": 21, "fields": {"text": "a29", "question": 5, "is_correct": false}}, {"model": "MCQAssignmentsApp.answer", "pk": 22, "fields": {"text": "a210", "question": 6, "is_correct": false}}, {"model": "MCQAssignmentsApp.answer", "pk": 23, "fields": {"text": "a211", "question": 6, "is_correct": false}}, {"model": "MCQAssignmentsApp.answer", "pk": 24, "fields": {"text": "a212", "question": 6, "is_correct": false}}, {"model": "MCQAssignmentsApp.answer", "pk": 25, "fields": {"text": "a213", "question": 6, "is_correct": true}}, {"model": "MCQAssignmentsApp.answer", "pk": 26, "fields": {"text": "a31", "question": 7, "is_correct": false}}, {"model": "MCQAssignmentsApp.answer", "pk": 27, "fields": {"text": "a32", "question": 7, "is_correct": false}}, {"model": "MCQAssignmentsApp.answer", "pk": 28, "fields": {"text": "a33 correct", "question": 7, "is_correct": true}}, {"model": "MCQAssignmentsApp.answer", "pk": 29, "fields": {"text": "a34", "question": 7, "is_correct": false}}, {"model": "MCQAssignmentsApp.answer", "pk": 30, "fields": {"text": "a35 correct", "question": 8, "is_correct": true}}, {"model": "MCQAssignmentsApp.answer", "pk": 31, "fields": {"text": "a36", "question": 8, "is_correct": false}}, {"model": "MCQAssignmentsApp.answer", "pk": 32, "fields": {"text": "a37", "question": 8, "is_correct": false}}, {"model": "MCQAssignmentsApp.answer", "pk": 33, "fields": {"text": "a38 correct", "question": 8, "is_correct": true}}, {"model": "MCQAssignmentsApp.answer", "pk": 34, "fields": {"text": "a310", "question": 9, "is_correct": false}}, {"model": "MCQAssignmentsApp.answer", "pk": 35, "fields": {"text": "a311 correct", "question": 9, "is_correct": true}}, {"model": "MCQAssignmentsApp.answer", "pk": 36, "fields": {"text": "a312", "question": 9, "is_correct": false}}, {"model": "MCQAssignmentsApp.answer", "pk": 37, "fields": {"text": "a313", "question": 9, "is_correct": false}}, {"model": "auth.permission", "pk": 1, "fields": {"name": "Can add log entry", "content_type": 1, "codename": "add_logentry"}}, {"model": "auth.permission", "pk": 2, "fields": {"name": "Can change log entry", "content_type": 1, "codename": "change_logentry"}}, {"model": "auth.permission", "pk": 3, "fields": {"name": "Can delete log entry", "content_type": 1, "codename": "delete_logentry"}}, {"model": "auth.permission", "pk": 4, "fields": {"name": "Can view log entry", "content_type": 1, "codename": "view_logentry"}}, {"model": "auth.permission", "pk": 5, "fields": {"name": "Can add permission", "content_type": 2, "codename": "add_permission"}}, {"model": "auth.permission", "pk": 6, "fields": {"name": "Can change permission", "content_type": 2, "codename": "change_permission"}}, {"model": "auth.permission", "pk": 7, "fields": {"name": "Can delete permission", "content_type": 2, "codename": "delete_permission"}}, {"model": "auth.permission", "pk": 8, "fields": {"name": "Can view permission", "content_type": 2, "codename": "view_permission"}}, {"model": "auth.permission", "pk": 9, "fields": {"name": "Can add group", "content_type": 3, "codename": "add_group"}}, {"model": "auth.permission", "pk": 10, "fields": {"name": "Can change group", "content_type": 3, "codename": "change_group"}}, {"model": "auth.permission", "pk": 11, "fields": {"name": "Can delete group", "content_type": 3, "codename": "delete_group"}}, {"model": "auth.permission", "pk": 12, "fields": {"name": "Can view group", "content_type": 3, "codename": "view_group"}}, {"model": "auth.permission", "pk": 13, "fields": {"name": "Can add user", "content_type": 4, "codename": "add_user"}}, {"model": "auth.permission", "pk": 14, "fields": {"name": "Can change user", "content_type": 4, "codename": "change_user"}}, {"model": "auth.permission", "pk": 15, "fields": {"name": "Can delete user", "content_type": 4, "codename": "delete_user"}}, {"model": "auth.permission", "pk": 16, "fields": {"name": "Can view user", "content_type": 4, "codename": "view_user"}}, {"model": "auth.permission", "pk": 17, "fields": {"name": "Can add content type", "content_type": 5, "codename": "add_contenttype"}}, {"model": "auth.permission", "pk": 18, "fields": {"name": "Can change content type", "content_type": 5, "codename": "change_contenttype"}}, {"model": "auth.permission", "pk": 19, "fields": {"name": "Can delete content type", "content_type": 5, "codename": "delete_contenttype"}}, {"model": "auth.permission", "pk": 20, "fields": {"name": "Can view content type", "content_type": 5, "codename": "view_contenttype"}}, {"model": "auth.permission", "pk": 21, "fields": {"name": "Can add session", "content_type": 6, "codename": "add_session"}}, {"model": "auth.permission", "pk": 22, "fields": {"name": "Can change session", "content_type": 6, "codename": "change_session"}}, {"model": "auth.permission", "pk": 23, "fields": {"name": "Can delete session", "content_type": 6, "codename": "delete_session"}}, {"model": "auth.permission", "pk": 24, "fields": {"name": "Can view session", "content_type": 6, "codename": "view_session"}}, {"model": "auth.permission", "pk": 25, "fields": {"name": "Can add answer", "content_type": 7, "codename": "add_answer"}}, {"model": "auth.permission", "pk": 26, "fields": {"name": "Can change answer", "content_type": 7, "codename": "change_answer"}}, {"model": "auth.permission", "pk": 27, "fields": {"name": "Can delete answer", "content_type": 7, "codename": "delete_answer"}}, {"model": "auth.permission", "pk": 28, "fields": {"name": "Can view answer", "content_type": 7, "codename": "view_answer"}}, {"model": "auth.permission", "pk": 29, "fields": {"name": "Can edit answer", "content_type": 7, "codename": "edit_answer"}}, {"model": "auth.permission", "pk": 30, "fields": {"name": "Can read answer", "content_type": 7, "codename": "read_answer"}}, {"model": "auth.permission", "pk": 31, "fields": {"name": "Can add assignment creator", "content_type": 8, "codename": "add_assignmentcreator"}}, {"model": "auth.permission", "pk": 32, "fields": {"name": "Can change assignment creator", "content_type": 8, "codename": "change_assignmentcreator"}}, {"model": "auth.permission", "pk": 33, "fields": {"name": "Can delete assignment creator", "content_type": 8, "codename": "delete_assignmentcreator"}}, {"model": "auth.permission", "pk": 34, "fields": {"name": "Can view assignment creator", "content_type": 8, "codename": "view_assignmentcreator"}}, {"model": "auth.permission", "pk": 35, "fields": {"name": "Can add question", "content_type": 9, "codename": "add_question"}}, {"model": "auth.permission", "pk": 36, "fields": {"name": "Can change question", "content_type": 9, "codename": "change_question"}}, {"model": "auth.permission", "pk": 37, "fields": {"name": "Can delete question", "content_type": 9, "codename": "delete_question"}}, {"model": "auth.permission", "pk": 38, "fields": {"name": "Can view question", "content_type": 9, "codename": "view_question"}}, {"model": "auth.permission", "pk": 39, "fields": {"name": "Can edit question", "content_type": 9, "codename": "edit_question"}}, {"model": "auth.permission", "pk": 40, "fields": {"name": "Can read question", "content_type": 9, "codename": "read_question"}}, {"model": "auth.permission", "pk": 41, "fields": {"name": "Can add student answer", "content_type": 10, "codename": "add_studenttestanswers"}}, {"model": "auth.permission", "pk": 42, "fields": {"name": "Can change student answer", "content_type": 10, "codename": "change_studenttestanswers"}}, {"model": "auth.permission", "pk": 43, "fields": {"name": "Can delete student answer", "content_type": 10, "codename": "delete_studenttestanswers"}}, {"model": "auth.permission", "pk": 44, "fields": {"name": "Can view student answer", "content_type": 10, "codename": "view_studenttestanswers"}}, {"model": "auth.permission", "pk": 45, "fields": {"name": "Can add test", "content_type": 11, "codename": "add_test"}}, {"model": "auth.permission", "pk": 46, "fields": {"name": "Can change test", "content_type": 11, "codename": "change_test"}}, {"model": "auth.permission", "pk": 47, "fields": {"name": "Can delete test", "content_type": 11, "codename": "delete_test"}}, {"model": "auth.permission", "pk": 48, "fields": {"name": "Can view test", "content_type": 11, "codename": "view_test"}}, {"model": "auth.permission", "pk": 49, "fields": {"name": "Can edit test", "content_type": 11, "codename": "edit_test"}}, {"model": "auth.permission", "pk": 50, "fields": {"name": "Can read test", "content_type": 11, "codename": "read_test"}}, {"model": "auth.permission", "pk": 51, "fields": {"name": "Can add user_test", "content_type": 12, "codename": "add_testuserassignment"}}, {"model": "auth.permission", "pk": 52, "fields": {"name": "Can change user_test", "content_type": 12, "codename": "change_testuserassignment"}}, {"model": "auth.permission", "pk": 53, "fields": {"name": "Can delete user_test", "content_type": 12, "codename": "delete_testuserassignment"}}, {"model": "auth.permission", "pk": 54, "fields": {"name": "Can view user_test", "content_type": 12, "codename": "view_testuserassignment"}}, {"model": "auth.permission", "pk": 55, "fields": {"name": "Can edit assignment", "content_type": 12, "codename": "edit_assignment"}}, {"model": "auth.permission", "pk": 56, "fields": {"name": "Can read assignment", "content_type": 12, "codename": "read_assignment"}}, {"model": "auth.group", "pk": 1, "fields": {"name": "Students", "permissions": [30, 40, 50]}}, {"model": "auth.group", "pk": 2, "fields": {"name": "Teachers", "permissions": [29, 39, 49]}}, {"model": "auth.user", "pk": 1, "fields": {"password": "pbkdf2_sha256$120000$BuoZsSYF67PK$cOcQJ733Cxk2C67uoe1+NVQ+njGQSGV5thINU32AJ/k=", "last_login": "2019-04-08T16:56:53.964Z", "is_superuser": false, "username": "user", "first_name": "", "last_name": "", "email": "user@email.com", "is_staff": false, "is_active": true, "date_joined": "2019-04-08T16:35:24.700Z", "groups": [1], "user_permissions": []}}, {"model": "auth.user", "pk": 2, "fields": {"password": "pbkdf2_sha256$120000$WJNIczOv7EDG$Uhaw4TymomBOjrosPpUBkKCjolFVb+ZJGE2IoSD7ttM=", "last_login": "2019-04-08T17:00:27.617Z", "is_superuser": false, "username": "admin", "first_name": "", "last_name": "", "email": "admin@email.com", "is_staff": true, "is_active": true, "date_joined": "2019-04-08T16:35:25.566Z", "groups": [2], "user_permissions": []}}, {"model": "auth.user", "pk": 3, "fields": {"password": "pbkdf2_sha256$120000$VMBsvOXwJGAU$dLUGsg3HnA4UTp8GtuBx3SGeCiHriUTgTBPmL6t6no4=", "last_login": null, "is_superuser": true, "username": "superadmin", "first_name": "", "last_name": "", "email": "admin@email.com", "is_staff": true, "is_active": true, "date_joined": "2019-04-08T16:35:25.984Z", "groups": [], "user_permissions": []}}, {"model": "MCQAssignmentsApp.studenttestanswers", "pk": 1, "fields": {"student": 1, "test": 1, "question": 1, "answer": 3}}, {"model": "MCQAssignmentsApp.studenttestanswers", "pk": 2, "fields": {"student": 1, "test": 1, "question": 2, "answer": 8}}, {"model": "MCQAssignmentsApp.studenttestanswers", "pk": 3, "fields": {"student": 1, "test": 1, "question": 3, "answer": 10}}, {"model": "MCQAssignmentsApp.testuserassignment", "pk": 1, "fields": {"user": 1, "test": 1, "assignment_completed": true}}, {"model": "MCQAssignmentsApp.testuserassignment", "pk": 2, "fields": {"user": 1, "test": 2, "assignment_completed": false}}, {"model": "MCQAssignmentsApp.assignmentcreator", "pk": 1, "fields": {"teacher": 2, "assignment": 1}}, {"model": "MCQAssignmentsApp.assignmentcreator", "pk": 2, "fields": {"teacher": 2, "assignment": 2}}]